test,t,set_L,set_R,vel_L,vel_R
stop,0.0021,0.0,0.0,0.0,0.0
stop,0.0237,0.0,0.0,0.0,0.0
stop,0.0445,0.0,0.0,0.0,0.0
stop,0.065,0.0,0.0,0.0,0.0
stop,0.0865,0.0,0.0,0.0,0.0
stop,0.1072,0.0,0.0,0.0,0.0
stop,0.1278,0.0,0.0,0.0,0.0
stop,0.1495,0.0,0.0,0.0,0.0
stop,0.1705,0.0,0.0,0.0,0.0
stop,0.1912,0.0,0.0,0.0,0.0
stop,0.2129,0.0,0.0,0.0,0.0
stop,0.2339,0.0,0.0,0.0,0.0
stop,0.2549,0.0,0.0,0.0,0.0
stop,0.2769,0.0,0.0,0.0,0.0
stop,0.2979,0.0,0.0,0.0,0.0
stop,0.3185,0.0,0.0,0.0,0.0
stop,0.34,0.0,0.0,0.0,0.0
stop,0.3607,0.0,0.0,0.0,0.0
stop,0.3812,0.0,0.0,0.0,0.0
stop,0.4026,0.0,0.0,0.0,0.0
stop,0.4233,0.0,0.0,0.0,0.0
stop,0.4437,0.0,0.0,0.0,0.0
stop,0.4652,0.0,0.0,0.0,0.0
stop,0.4858,0.0,0.0,0.0,0.0
stop,0.5064,0.0,0.0,0.0,0.0
stop,0.5278,0.0,0.0,0.0,0.0
stop,0.5486,0.0,0.0,0.0,0.0
stop,0.5692,0.0,0.0,0.0,0.0
stop,0.5905,0.0,0.0,0.0,0.0
stop,0.6113,0.0,0.0,0.0,0.0
stop,0.6318,0.0,0.0,0.0,0.0
stop,0.6532,0.0,0.0,0.0,0.0
stop,0.674,0.0,0.0,0.0,0.0
stop,0.6945,0.0,0.0,0.0,0.0
stop,0.7159,0.0,0.0,0.0,0.0
stop,0.7366,0.0,0.0,0.0,0.0
stop,0.7571,0.0,0.0,0.0,0.0
stop,0.7784,0.0,0.0,0.0,0.0
stop,0.799,0.0,0.0,0.0,0.0
stop,0.8195,0.0,0.0,0.0,0.0
stop,0.8408,0.0,0.0,0.0,0.0
stop,0.8616,0.0,0.0,0.0,0.0
stop,0.8822,0.0,0.0,0.0,0.0
stop,0.9036,0.0,0.0,0.0,0.0
stop,0.9243,0.0,0.0,0.0,0.0
stop,0.9448,0.0,0.0,0.0,0.0
stop,0.9661,0.0,0.0,0.0,0.0
stop,0.9868,0.0,0.0,0.0,0.0
straight_slow,1.5084,-0.3,-0.3,0.0,0.0
straight_slow,1.53,-0.3,-0.3,0.0,0.0
straight_slow,1.5507,-0.3,-0.3,0.0,0.0
straight_slow,1.5713,-0.3,-0.3,0.0,0.0
straight_slow,1.5926,-0.3,-0.3,0.0,0.0
straight_slow,1.6133,-0.3,-0.3,0.0,0.0
straight_slow,1.6339,-0.3,-0.3,0.0,0.0
straight_slow,1.6554,-0.3,-0.3,0.0,0.0
straight_slow,1.676,-0.3,-0.3,0.0,0.0
straight_slow,1.6965,-0.3,-0.3,0.0,0.0
straight_slow,1.7178,-0.3,-0.3,0.0,0.0
straight_slow,1.7385,-0.3,-0.3,0.0,-0.3206
straight_slow,1.759,-0.3,-0.3,0.0,-0.3206
straight_slow,1.7803,-0.3,-0.3,-0.3502,-0.3206
straight_slow,1.801,-0.3,-0.3,-0.3502,0.0
straight_slow,1.8215,-0.3,-0.3,-0.3502,0.0
straight_slow,1.8427,-0.3,-0.3,0.0,0.0
straight_slow,1.8635,-0.3,-0.3,0.0,0.0
straight_slow,1.884,-0.3,-0.3,0.0,0.0
straight_slow,1.9053,-0.3,-0.3,-0.3504,0.0
straight_slow,1.926,-0.3,-0.3,-0.3504,0.0
straight_slow,1.9465,-0.3,-0.3,-0.3504,0.0
straight_slow,1.9678,-0.3,-0.3,-0.3503,0.0
straight_slow,1.9886,-0.3,-0.3,-0.3503,-0.3209
straight_slow,2.0091,-0.3,-0.3,-0.3503,-0.3209
straight_slow,2.0304,-0.3,-0.3,0.0,-0.3209
straight_slow,2.051,-0.3,-0.3,0.0,-0.3209
straight_slow,2.0715,-0.3,-0.3,0.0,-0.3209
straight_slow,2.0928,-0.3,-0.3,-0.3496,-0.3209
straight_slow,2.1135,-0.3,-0.3,-0.3496,0.0
straight_slow,2.134,-0.3,-0.3,-0.3496,0.0
straight_slow,2.1554,-0.3,-0.3,0.0,0.0
straight_slow,2.176,-0.3,-0.3,0.0,0.0
straight_slow,2.1965,-0.3,-0.3,0.0,0.0
straight_slow,2.2178,-0.3,-0.3,0.0,0.0
straight_slow,2.2385,-0.3,-0.3,0.0,0.0
straight_slow,2.259,-0.3,-0.3,0.0,0.0
straight_slow,2.2803,-0.3,-0.3,-0.3642,0.0
straight_slow,2.3011,-0.3,-0.3,-0.3642,0.0
straight_slow,2.3216,-0.3,-0.3,-0.3642,0.0
straight_slow,2.3429,-0.3,-0.3,-0.3804,0.0
straight_slow,2.3636,-0.3,-0.3,-0.3804,-0.2959
straight_slow,2.3841,-0.3,-0.3,-0.3804,-0.2959
straight_slow,2.4054,-0.3,-0.3,0.0,-0.2959
straight_slow,2.4261,-0.3,-0.3,0.0,0.0
straight_slow,2.4466,-0.3,-0.3,0.0,0.0
straight_slow,2.468,-0.3,-0.3,0.0,0.0
straight_slow,2.4887,-0.3,-0.3,0.0,-0.5907
straight_slow,2.5092,-0.3,-0.3,0.0,-0.5907
straight_slow,2.5307,-0.3,-0.3,0.0,-0.5907
straight_slow,2.5515,-0.3,-0.3,0.0,0.0
straight_slow,2.572,-0.3,-0.3,0.0,0.0
straight_slow,2.5935,-0.3,-0.3,0.0,0.0
straight_slow,2.6143,-0.3,-0.3,0.0,-0.7028
straight_slow,2.6348,-0.3,-0.3,0.0,-0.7028
straight_slow,2.6563,-0.3,-0.3,0.0,-0.7028
straight_slow,2.677,-0.3,-0.3,0.0,0.0
straight_slow,2.6975,-0.3,-0.3,0.0,0.0
straight_slow,2.7189,-0.3,-0.3,0.0,0.0
straight_slow,2.7396,-0.3,-0.3,0.0,-0.3496
straight_slow,2.7601,-0.3,-0.3,0.0,-0.3496
straight_slow,2.7814,-0.3,-0.3,0.0,-0.3496
straight_slow,2.8021,-0.3,-0.3,0.0,0.0
straight_slow,2.8226,-0.3,-0.3,0.0,0.0
straight_slow,2.8439,-0.3,-0.3,-0.3504,0.0
straight_slow,2.8646,-0.3,-0.3,-0.3504,-0.7691
straight_slow,2.8851,-0.3,-0.3,-0.3504,-0.7691
straight_slow,2.9066,-0.3,-0.3,-0.3209,-0.7691
straight_slow,2.9273,-0.3,-0.3,-0.3209,0.0
straight_slow,2.9478,-0.3,-0.3,-0.3209,0.0
straight_slow,2.9692,-0.3,-0.3,-0.3505,0.0
straight_slow,2.9899,-0.3,-0.3,-0.3505,-0.3494
straight_slow,3.0104,-0.3,-0.3,-0.3505,-0.3494
straight_slow,3.0318,-0.3,-0.3,-0.6996,-0.3494
straight_slow,3.0525,-0.3,-0.3,-0.6996,0.0
straight_slow,3.073,-0.3,-0.3,-0.6996,0.0
straight_slow,3.0945,-0.3,-0.3,-0.3492,0.0
straight_slow,3.1152,-0.3,-0.3,-0.3492,-0.3214
straight_slow,3.1357,-0.3,-0.3,-0.3492,-0.3214
straight_slow,3.1571,-0.3,-0.3,-0.3504,-0.3214
straight_slow,3.1777,-0.3,-0.3,-0.3504,-0.3505
straight_slow,3.1982,-0.3,-0.3,-0.3504,-0.3505
straight_slow,3.2196,-0.3,-0.3,-0.7022,-0.3505
straight_slow,3.2404,-0.3,-0.3,-0.7022,-0.6419
straight_slow,3.261,-0.3,-0.3,-0.7022,-0.6419
straight_slow,3.2825,-0.3,-0.3,-0.3209,-0.6419
straight_slow,3.3033,-0.3,-0.3,-0.3209,0.0
straight_slow,3.3238,-0.3,-0.3,-0.3209,0.0
straight_slow,3.3452,-0.3,-0.3,0.0,0.0
straight_slow,3.366,-0.3,-0.3,0.0,-0.3209
straight_slow,3.3865,-0.3,-0.3,0.0,-0.3209
straight_slow,3.4079,-0.3,-0.3,-0.6417,-0.3209
straight_slow,3.4286,-0.3,-0.3,-0.6417,-0.6419
straight_slow,3.4491,-0.3,-0.3,-0.6417,-0.6419
straight_slow,3.4705,-0.3,-0.3,0.0,-0.6419
straight_slow,3.4911,-0.3,-0.3,0.0,-0.3496
straight_slow,3.5117,-0.3,-0.3,0.0,-0.3496
straight_slow,3.5332,-0.3,-0.3,-0.3509,-0.3496
straight_slow,3.554,-0.3,-0.3,-0.3509,0.0
straight_slow,3.5745,-0.3,-0.3,-0.3509,0.0
straight_slow,3.596,-0.3,-0.3,0.0,0.0
straight_slow,3.6167,-0.3,-0.3,0.0,-0.6489
straight_slow,3.6372,-0.3,-0.3,0.0,-0.6489
straight_slow,3.6585,-0.3,-0.3,-0.3504,-0.6489
straight_slow,3.6793,-0.3,-0.3,-0.3504,-0.3496
straight_slow,3.6998,-0.3,-0.3,-0.3504,-0.3496
straight_slow,3.7211,-0.3,-0.3,0.0,-0.3496
straight_slow,3.7417,-0.3,-0.3,0.0,-0.3209
straight_slow,3.7622,-0.3,-0.3,0.0,-0.3209
straight_slow,3.7836,-0.3,-0.3,-0.7012,-0.3209
straight_slow,3.8042,-0.3,-0.3,-0.7012,-0.3504
straight_slow,3.8247,-0.3,-0.3,-0.7012,-0.3504
straight_slow,3.846,-0.3,-0.3,-0.3489,-0.3504
straight_slow,3.8667,-0.3,-0.3,-0.3489,-0.3495
straight_slow,3.8872,-0.3,-0.3,-0.3489,-0.3495
straight_slow,3.9085,-0.3,-0.3,-0.3504,-0.3495
straight_slow,3.9292,-0.3,-0.3,-0.3504,-0.3209
straight_slow,3.9496,-0.3,-0.3,-0.3504,-0.3209
straight_slow,3.9709,-0.3,-0.3,0.0,-0.3209
straight_slow,3.9916,-0.3,-0.3,0.0,0.0
straight_slow,4.0121,-0.3,-0.3,0.0,0.0
straight_slow,4.0334,-0.3,-0.3,-0.3522,0.0
straight_slow,4.054,-0.3,-0.3,-0.3522,-0.3203
straight_slow,4.0745,-0.3,-0.3,-0.3522,-0.3203
straight_slow,4.0962,-0.3,-0.3,-0.3209,-0.3203
straight_slow,4.117,-0.3,-0.3,-0.3209,0.0
straight_slow,4.1375,-0.3,-0.3,-0.3209,0.0
straight_slow,4.159,-0.3,-0.3,0.0,0.0
straight_slow,4.1797,-0.3,-0.3,0.0,-0.3491
straight_slow,4.2002,-0.3,-0.3,0.0,-0.3491
straight_slow,4.2216,-0.3,-0.3,-0.6418,-0.3491
straight_slow,4.2423,-0.3,-0.3,-0.6418,-0.6417
straight_slow,4.2628,-0.3,-0.3,-0.6418,-0.6417
straight_slow,4.2842,-0.3,-0.3,0.0,-0.6417
straight_slow,4.3049,-0.3,-0.3,0.0,0.0
straight_slow,4.3255,-0.3,-0.3,0.0,0.0
straight_slow,4.3468,-0.3,-0.3,0.0,0.0
straight_slow,4.3676,-0.3,-0.3,0.0,-0.6943
straight_slow,4.388,-0.3,-0.3,0.0,-0.6943
straight_slow,4.4094,-0.3,-0.3,-0.6414,-0.6943
straight_slow,4.43,-0.3,-0.3,-0.6414,0.0
straight_slow,4.4505,-0.3,-0.3,-0.6414,0.0
straight_slow,4.4718,-0.3,-0.3,-0.3496,0.0
straight_slow,4.4925,-0.3,-0.3,-0.3496,-0.351
stop,5.0139,0.0,0.0,-0.3496,-0.351
stop,5.0355,0.0,0.0,0.0,-0.351
stop,5.0562,0.0,0.0,0.0,0.0
stop,5.0767,0.0,0.0,0.0,0.0
stop,5.098,0.0,0.0,0.0,0.0
stop,5.1187,0.0,0.0,0.0,0.0
stop,5.1392,0.0,0.0,0.0,0.0
stop,5.1606,0.0,0.0,0.0,0.0
stop,5.1813,0.0,0.0,0.0,0.0
stop,5.2018,0.0,0.0,0.0,0.0
stop,5.2232,0.0,0.0,0.0,0.0
stop,5.2439,0.0,0.0,0.0,0.0
stop,5.2644,0.0,0.0,0.0,0.0
stop,5.2858,0.0,0.0,0.0,0.0
stop,5.3065,0.0,0.0,0.0,0.0
stop,5.3271,0.0,0.0,0.0,0.0
stop,5.3485,0.0,0.0,0.0,0.0
stop,5.3692,0.0,0.0,0.0,0.0
stop,5.3897,0.0,0.0,0.0,0.0
stop,5.4111,0.0,0.0,0.0,0.0
stop,5.4318,0.0,0.0,0.0,0.0
stop,5.4524,0.0,0.0,0.0,0.0
stop,5.4737,0.0,0.0,0.0,0.0
stop,5.4944,0.0,0.0,0.0,0.0
stop,5.5149,0.0,0.0,0.0,0.0
stop,5.5364,0.0,0.0,0.0,0.0
stop,5.5571,0.0,0.0,0.0,0.0
stop,5.5776,0.0,0.0,0.0,0.0
stop,5.5993,0.0,0.0,0.0,0.0
stop,5.62,0.0,0.0,0.0,0.0
stop,5.6405,0.0,0.0,0.0,0.0
stop,5.6619,0.0,0.0,0.0,0.0
stop,5.6826,0.0,0.0,0.0,0.0
stop,5.7031,0.0,0.0,0.0,0.0
stop,5.7245,0.0,0.0,0.0,0.0
stop,5.7452,0.0,0.0,0.0,0.0
stop,5.7656,0.0,0.0,0.0,0.0
stop,5.787,0.0,0.0,0.0,0.0
stop,5.8076,0.0,0.0,0.0,0.0
stop,5.8281,0.0,0.0,0.0,0.0
stop,5.8494,0.0,0.0,0.0,0.0
stop,5.8701,0.0,0.0,0.0,0.0
stop,5.8906,0.0,0.0,0.0,0.0
stop,5.912,0.0,0.0,0.0,0.0
stop,5.9326,0.0,0.0,0.0,0.0
stop,5.9531,0.0,0.0,0.0,0.0
stop,5.9744,0.0,0.0,0.0,0.0
stop,5.9951,0.0,0.0,0.0,0.0
straight_medium,6.5166,-0.5,-0.5,0.0,0.0
straight_medium,6.5382,-0.5,-0.5,0.0,0.0
straight_medium,6.5589,-0.5,-0.5,0.0,0.0
straight_medium,6.5795,-0.5,-0.5,0.0,0.0
straight_medium,6.6008,-0.5,-0.5,0.0,0.0
straight_medium,6.6215,-0.5,-0.5,0.0,0.0
straight_medium,6.642,-0.5,-0.5,0.0,0.0
straight_medium,6.6634,-0.5,-0.5,0.0,0.0
straight_medium,6.684,-0.5,-0.5,0.0,0.0
straight_medium,6.7045,-0.5,-0.5,0.0,0.0
straight_medium,6.7258,-0.5,-0.5,-0.3489,0.0
straight_medium,6.7465,-0.5,-0.5,-0.3489,-0.6418
straight_medium,6.7669,-0.5,-0.5,-0.3489,-0.6418
straight_medium,6.7883,-0.5,-0.5,-0.3502,-0.6418
straight_medium,6.8089,-0.5,-0.5,-0.3502,-0.7605
straight_medium,6.8294,-0.5,-0.5,-0.3502,-0.7605
straight_medium,6.8507,-0.5,-0.5,-0.642,-0.7605
straight_medium,6.8714,-0.5,-0.5,-0.642,-0.3496
straight_medium,6.8919,-0.5,-0.5,-0.642,-0.3496
straight_medium,6.9132,-0.5,-0.5,-0.7004,-0.3496
straight_medium,6.9339,-0.5,-0.5,-0.7004,0.0
straight_medium,6.9544,-0.5,-0.5,-0.7004,0.0
straight_medium,6.9757,-0.5,-0.5,-0.3496,0.0
straight_medium,6.9963,-0.5,-0.5,-0.3496,0.0
straight_medium,7.0168,-0.5,-0.5,-0.3496,0.0
straight_medium,7.0381,-0.5,-0.5,-0.6992,0.0
straight_medium,7.0588,-0.5,-0.5,-0.6992,-0.3209
straight_medium,7.0794,-0.5,-0.5,-0.6992,-0.3209
straight_medium,7.101,-0.5,-0.5,-0.6417,-0.3209
straight_medium,7.1217,-0.5,-0.5,-0.6417,-0.3496
straight_medium,7.1423,-0.5,-0.5,-0.6417,-0.3496
straight_medium,7.1637,-0.5,-0.5,-0.3209,-0.3496
straight_medium,7.1844,-0.5,-0.5,-0.3209,-0.7008
straight_medium,7.2049,-0.5,-0.5,-0.3209,-0.7008
straight_medium,7.2263,-0.5,-0.5,-0.349,-0.7008
straight_medium,7.247,-0.5,-0.5,-0.349,-0.3496
straight_medium,7.2675,-0.5,-0.5,-0.349,-0.3496
straight_medium,7.2889,-0.5,-0.5,-0.3495,-0.3496
straight_medium,7.3096,-0.5,-0.5,-0.3495,-1.0472
straight_medium,7.3302,-0.5,-0.5,-0.3495,-1.0472
straight_medium,7.3516,-0.5,-0.5,-0.3848,-1.0472
straight_medium,7.3723,-0.5,-0.5,-0.3848,-0.6418
straight_medium,7.3928,-0.5,-0.5,-0.3848,-0.6418
straight_medium,7.4143,-0.5,-0.5,-0.6418,-0.6418
straight_medium,7.435,-0.5,-0.5,-0.6418,-0.3496
straight_medium,7.4555,-0.5,-0.5,-0.6418,-0.3496
straight_medium,7.4768,-0.5,-0.5,-0.3496,-0.3496
straight_medium,7.4974,-0.5,-0.5,-0.3496,0.0
straight_medium,7.518,-0.5,-0.5,-0.3496,0.0
straight_medium,7.5395,-0.5,-0.5,-0.3209,0.0
straight_medium,7.5602,-0.5,-0.5,-0.3209,-0.7018
straight_medium,7.5808,-0.5,-0.5,-0.3209,-0.7018
straight_medium,7.6022,-0.5,-0.5,-0.324,-0.7018
straight_medium,7.6229,-0.5,-0.5,-0.324,-0.6984
straight_medium,7.6434,-0.5,-0.5,-0.324,-0.6984
straight_medium,7.6648,-0.5,-0.5,-0.701,-0.6984
straight_medium,7.6855,-0.5,-0.5,-0.701,-0.7011
straight_medium,7.706,-0.5,-0.5,-0.701,-0.7011
straight_medium,7.7274,-0.5,-0.5,-0.6419,-0.7011
straight_medium,7.748,-0.5,-0.5,-0.6419,-0.3505
straight_medium,7.7685,-0.5,-0.5,-0.6419,-0.3505
straight_medium,7.7898,-0.5,-0.5,-0.3496,-0.3505
straight_medium,7.8104,-0.5,-0.5,-0.3496,-0.7008
straight_medium,7.8309,-0.5,-0.5,-0.3496,-0.7008
straight_medium,7.8523,-0.5,-0.5,-0.6993,-0.7008
straight_medium,7.873,-0.5,-0.5,-0.6993,-0.9623
straight_medium,7.8934,-0.5,-0.5,-0.6993,-0.9623
straight_medium,7.9147,-0.5,-0.5,-0.3504,-0.9623
straight_medium,7.9354,-0.5,-0.5,-0.3504,-0.7004
straight_medium,7.9559,-0.5,-0.5,-0.3504,-0.7004
straight_medium,7.9773,-0.5,-0.5,-0.6418,-0.7004
straight_medium,7.9979,-0.5,-0.5,-0.6418,-0.3496
straight_medium,8.0184,-0.5,-0.5,-0.6418,-0.3496
straight_medium,8.0398,-0.5,-0.5,-0.3502,-0.3496
straight_medium,8.0604,-0.5,-0.5,-0.3502,-0.3504
straight_medium,8.0809,-0.5,-0.5,-0.3502,-0.3504
straight_medium,8.1022,-0.5,-0.5,-0.3497,-0.3504
straight_medium,8.1229,-0.5,-0.5,-0.3497,-0.3223
straight_medium,8.1434,-0.5,-0.5,-0.3497,-0.3223
straight_medium,8.1647,-0.5,-0.5,-0.6992,-0.3223
straight_medium,8.1854,-0.5,-0.5,-0.6992,-0.3505
straight_medium,8.2059,-0.5,-0.5,-0.6992,-0.3505
straight_medium,8.2272,-0.5,-0.5,-0.3491,-0.3505
straight_medium,8.2478,-0.5,-0.5,-0.3491,-0.6992
straight_medium,8.2683,-0.5,-0.5,-0.3491,-0.6992
straight_medium,8.2897,-0.5,-0.5,-0.7004,-0.6992
straight_medium,8.3104,-0.5,-0.5,-0.7004,0.0
straight_medium,8.3309,-0.5,-0.5,-0.7004,0.0
straight_medium,8.3523,-0.5,-0.5,-0.3504,0.0
straight_medium,8.373,-0.5,-0.5,-0.3504,-0.3505
straight_medium,8.3934,-0.5,-0.5,-0.3504,-0.3505
straight_medium,8.4147,-0.5,-0.5,-0.6928,-0.3505
straight_medium,8.4355,-0.5,-0.5,-0.6928,-0.3496
straight_medium,8.456,-0.5,-0.5,-0.6928,-0.3496
straight_medium,8.4773,-0.5,-0.5,0.0,-0.3496
straight_medium,8.498,-0.5,-0.5,0.0,-0.6993
straight_medium,8.5186,-0.5,-0.5,0.0,-0.6993
straight_medium,8.5401,-0.5,-0.5,-0.6996,-0.6993
straight_medium,8.5608,-0.5,-0.5,-0.6996,-0.6417
straight_medium,8.5814,-0.5,-0.5,-0.6996,-0.6417
straight_medium,8.6031,-0.5,-0.5,-0.3504,-0.6417
straight_medium,8.6239,-0.5,-0.5,-0.3504,-0.3497
straight_medium,8.6444,-0.5,-0.5,-0.3504,-0.3497
straight_medium,8.6658,-0.5,-0.5,-0.3504,-0.3497
straight_medium,8.6865,-0.5,-0.5,-0.3504,-0.3829
straight_medium,8.7071,-0.5,-0.5,-0.3504,-0.3829
straight_medium,8.7285,-0.5,-0.5,-0.3209,-0.3829
straight_medium,8.7491,-0.5,-0.5,-0.3209,-0.701
straight_medium,8.7696,-0.5,-0.5,-0.3209,-0.701
straight_medium,8.7909,-0.5,-0.5,-0.5918,-0.701
straight_medium,8.8116,-0.5,-0.5,-0.5918,0.0
straight_medium,8.8321,-0.5,-0.5,-0.5918,0.0
straight_medium,8.8534,-0.5,-0.5,-0.6417,0.0
straight_medium,8.8741,-0.5,-0.5,-0.6417,-0.3496
straight_medium,8.8946,-0.5,-0.5,-0.6417,-0.3496
straight_medium,8.9159,-0.5,-0.5,-0.7008,-0.3496
straight_medium,8.9366,-0.5,-0.5,-0.7008,-0.3244
straight_medium,8.9571,-0.5,-0.5,-0.7008,-0.3244
straight_medium,8.9784,-0.5,-0.5,0.0,-0.3244
straight_medium,8.999,-0.5,-0.5,0.0,0.0
straight_medium,9.0195,-0.5,-0.5,0.0,0.0
straight_medium,9.0408,-0.5,-0.5,-0.6417,0.0
straight_medium,9.0616,-0.5,-0.5,-0.6417,-0.6418
straight_medium,9.0821,-0.5,-0.5,-0.6417,-0.6418
straight_medium,9.1041,-0.5,-0.5,-0.3504,-0.6418
straight_medium,9.1248,-0.5,-0.5,-0.3504,-0.6993
straight_medium,9.1453,-0.5,-0.5,-0.3504,-0.6993
straight_medium,9.1667,-0.5,-0.5,-0.3496,-0.6993
straight_medium,9.1874,-0.5,-0.5,-0.3496,-0.384
straight_medium,9.2079,-0.5,-0.5,-0.3496,-0.384
straight_medium,9.2293,-0.5,-0.5,-0.6418,-0.384
straight_medium,9.25,-0.5,-0.5,-0.6418,-0.9627
straight_medium,9.2705,-0.5,-0.5,-0.6418,-0.9627
straight_medium,9.292,-0.5,-0.5,-0.3209,-0.9627
straight_medium,9.3127,-0.5,-0.5,-0.3209,-0.6421
straight_medium,9.3332,-0.5,-0.5,-0.3209,-0.6421
straight_medium,9.3547,-0.5,-0.5,-0.6417,-0.6421
straight_medium,9.3754,-0.5,-0.5,-0.6417,-0.699
straight_medium,9.3959,-0.5,-0.5,-0.6417,-0.699
straight_medium,9.4173,-0.5,-0.5,-0.3217,-0.699
straight_medium,9.4381,-0.5,-0.5,-0.3217,-0.3209
straight_medium,9.4586,-0.5,-0.5,-0.3217,-0.3209
straight_medium,9.48,-0.5,-0.5,-0.6418,-0.3209
straight_medium,9.5006,-0.5,-0.5,-0.6418,-0.3505
stop,10.0221,0.0,0.0,-0.6418,-0.3505
stop,10.0437,0.0,0.0,0.0,-0.3505
stop,10.0644,0.0,0.0,0.0,0.0
stop,10.0857,0.0,0.0,0.0,0.0
stop,10.1074,0.0,0.0,0.0,0.0
stop,10.1281,0.0,0.0,0.0,0.0
stop,10.1486,0.0,0.0,0.0,0.0
stop,10.17,0.0,0.0,0.0,0.0
stop,10.1908,0.0,0.0,0.0,0.0
stop,10.2114,0.0,0.0,0.0,0.0
stop,10.2328,0.0,0.0,0.0,0.0
stop,10.2535,0.0,0.0,0.0,0.0
stop,10.274,0.0,0.0,0.0,0.0
stop,10.2954,0.0,0.0,0.0,0.0
stop,10.3162,0.0,0.0,0.0,0.0
stop,10.3367,0.0,0.0,0.0,0.0
stop,10.358,0.0,0.0,0.0,0.0
stop,10.3787,0.0,0.0,0.0,0.0
stop,10.3992,0.0,0.0,0.0,0.0
stop,10.4205,0.0,0.0,0.0,0.0
stop,10.4412,0.0,0.0,0.0,0.0
stop,10.4616,0.0,0.0,0.0,0.0
stop,10.4829,0.0,0.0,0.0,0.0
stop,10.5035,0.0,0.0,0.0,0.0
stop,10.5241,0.0,0.0,0.0,0.0
stop,10.5455,0.0,0.0,0.0,0.0
stop,10.5662,0.0,0.0,0.0,0.0
stop,10.5867,0.0,0.0,0.0,0.0
stop,10.6084,0.0,0.0,0.0,0.0
stop,10.6292,0.0,0.0,0.0,0.0
stop,10.6497,0.0,0.0,0.0,0.0
stop,10.671,0.0,0.0,0.0,0.0
stop,10.6917,0.0,0.0,0.0,0.0
stop,10.7122,0.0,0.0,0.0,0.0
stop,10.7335,0.0,0.0,0.0,0.0
stop,10.7542,0.0,0.0,0.0,0.0
stop,10.7746,0.0,0.0,0.0,0.0
stop,10.7959,0.0,0.0,0.0,0.0
stop,10.8166,0.0,0.0,0.0,0.0
stop,10.8371,0.0,0.0,0.0,0.0
stop,10.8584,0.0,0.0,0.0,0.0
stop,10.8792,0.0,0.0,0.0,0.0
stop,10.8997,0.0,0.0,0.0,0.0
stop,10.921,0.0,0.0,0.0,0.0
stop,10.942,0.0,0.0,0.0,0.0
stop,10.9627,0.0,0.0,0.0,0.0
stop,10.9844,0.0,0.0,0.0,0.0
stop,11.0052,0.0,0.0,0.0,0.0
turn_left,11.5267,0.3,-0.3,0.0,0.0
turn_left,11.5483,0.3,-0.3,0.0,0.0
turn_left,11.569,0.3,-0.3,0.0,0.0
turn_left,11.5901,0.3,-0.3,0.0,0.0
turn_left,11.6117,0.3,-0.3,0.0,0.0
turn_left,11.6324,0.3,-0.3,0.0,0.0
turn_left,11.6529,0.3,-0.3,0.0,0.0
turn_left,11.6743,0.3,-0.3,0.0,0.0
turn_left,11.695,0.3,-0.3,0.0,0.0
turn_left,11.7155,0.3,-0.3,0.0,0.0
turn_left,11.7368,0.3,-0.3,0.0,0.0
turn_left,11.7575,0.3,-0.3,0.0,0.0
turn_left,11.7779,0.3,-0.3,0.0,0.0
turn_left,11.7993,0.3,-0.3,0.0,0.0
turn_left,11.82,0.3,-0.3,0.0,-0.3497
turn_left,11.8405,0.3,-0.3,0.0,-0.3497
turn_left,11.8617,0.3,-0.3,0.3176,-0.3497
turn_left,11.8824,0.3,-0.3,0.3176,-0.351
turn_left,11.9029,0.3,-0.3,0.3176,-0.351
turn_left,11.9242,0.3,-0.3,0.0,-0.351
turn_left,11.9448,0.3,-0.3,0.0,-0.3491
turn_left,11.9653,0.3,-0.3,0.0,-0.3491
turn_left,11.9866,0.3,-0.3,0.3209,-0.3491
turn_left,12.0072,0.3,-0.3,0.3209,-0.3496
turn_left,12.0278,0.3,-0.3,0.3209,-0.3496
turn_left,12.0491,0.3,-0.3,0.3204,-0.3496
turn_left,12.0698,0.3,-0.3,0.3204,0.0
turn_left,12.0902,0.3,-0.3,0.3204,0.0
turn_left,12.1116,0.3,-0.3,0.699,0.0
turn_left,12.1323,0.3,-0.3,0.699,-0.3809
turn_left,12.1528,0.3,-0.3,0.699,-0.3809
turn_left,12.1742,0.3,-0.3,0.0,-0.3809
turn_left,12.1949,0.3,-0.3,0.0,-0.701
turn_left,12.2154,0.3,-0.3,0.0,-0.701
turn_left,12.2368,0.3,-0.3,0.3504,-0.701
turn_left,12.2576,0.3,-0.3,0.3504,0.0
turn_left,12.2782,0.3,-0.3,0.3504,0.0
turn_left,12.2997,0.3,-0.3,0.3213,0.0
turn_left,12.3205,0.3,-0.3,0.3213,-0.3496
turn_left,12.3409,0.3,-0.3,0.3213,-0.3496
turn_left,12.3624,0.3,-0.3,0.3494,-0.3496
turn_left,12.3831,0.3,-0.3,0.3494,-0.6487
turn_left,12.4037,0.3,-0.3,0.3494,-0.6487
turn_left,12.4251,0.3,-0.3,0.321,-0.6487
turn_left,12.4457,0.3,-0.3,0.321,-0.3504
turn_left,12.4662,0.3,-0.3,0.321,-0.3504
turn_left,12.4876,0.3,-0.3,0.0,-0.3504
turn_left,12.5082,0.3,-0.3,0.0,-0.3497
turn_left,12.5287,0.3,-0.3,0.0,-0.3497
turn_left,12.5502,0.3,-0.3,0.3503,-0.3497
turn_left,12.5709,0.3,-0.3,0.3503,-0.3503
turn_left,12.5915,0.3,-0.3,0.3503,-0.3503
turn_left,12.6128,0.3,-0.3,0.0,-0.3503
turn_left,12.6335,0.3,-0.3,0.0,0.0
turn_left,12.654,0.3,-0.3,0.0,0.0
turn_left,12.6753,0.3,-0.3,0.3511,0.0
turn_left,12.696,0.3,-0.3,0.3511,0.0
turn_left,12.7164,0.3,-0.3,0.3511,0.0
turn_left,12.7378,0.3,-0.3,0.0,0.0
turn_left,12.7585,0.3,-0.3,0.0,-0.3505
turn_left,12.779,0.3,-0.3,0.0,-0.3505
turn_left,12.8003,0.3,-0.3,0.0,-0.3505
turn_left,12.821,0.3,-0.3,0.0,-0.3503
turn_left,12.8414,0.3,-0.3,0.0,-0.3503
turn_left,12.8627,0.3,-0.3,0.3496,-0.3503
turn_left,12.8834,0.3,-0.3,0.3496,-0.3497
turn_left,12.9039,0.3,-0.3,0.3496,-0.3497
turn_left,12.9251,0.3,-0.3,0.3325,-0.3497
turn_left,12.9458,0.3,-0.3,0.3325,0.0
turn_left,12.9662,0.3,-0.3,0.3325,0.0
turn_left,12.9877,0.3,-0.3,0.3502,0.0
turn_left,13.0083,0.3,-0.3,0.3502,-0.6419
turn_left,13.0288,0.3,-0.3,0.3502,-0.6419
turn_left,13.0501,0.3,-0.3,0.3507,-0.6419
turn_left,13.0707,0.3,-0.3,0.3507,-0.3209
turn_left,13.0916,0.3,-0.3,0.3507,-0.3209
turn_left,13.1132,0.3,-0.3,0.3497,-0.3209
turn_left,13.1339,0.3,-0.3,0.3497,0.0
turn_left,13.1544,0.3,-0.3,0.3497,0.0
turn_left,13.1758,0.3,-0.3,0.0,0.0
turn_left,13.1965,0.3,-0.3,0.0,-0.3514
turn_left,13.217,0.3,-0.3,0.0,-0.3514
turn_left,13.2384,0.3,-0.3,0.3829,-0.3514
turn_left,13.259,0.3,-0.3,0.3829,-0.3208
turn_left,13.2795,0.3,-0.3,0.3829,-0.3208
turn_left,13.3008,0.3,-0.3,0.0,-0.3208
turn_left,13.3216,0.3,-0.3,0.0,0.0
turn_left,13.3421,0.3,-0.3,0.0,0.0
turn_left,13.3635,0.3,-0.3,0.0,0.0
turn_left,13.3842,0.3,-0.3,0.0,0.0
turn_left,13.4046,0.3,-0.3,0.0,0.0
turn_left,13.426,0.3,-0.3,0.701,0.0
turn_left,13.4466,0.3,-0.3,0.701,0.0
turn_left,13.4672,0.3,-0.3,0.701,0.0
turn_left,13.4886,0.3,-0.3,0.698,0.0
turn_left,13.5093,0.3,-0.3,0.698,-0.3454
turn_left,13.5298,0.3,-0.3,0.698,-0.3454
turn_left,13.5514,0.3,-0.3,0.349,-0.3454
turn_left,13.5721,0.3,-0.3,0.349,-0.3496
turn_left,13.5926,0.3,-0.3,0.349,-0.3496
turn_left,13.614,0.3,-0.3,0.3506,-0.3496
turn_left,13.6347,0.3,-0.3,0.3506,-0.3496
turn_left,13.6553,0.3,-0.3,0.3506,-0.3496
turn_left,13.6766,0.3,-0.3,0.3512,-0.3496
turn_left,13.6973,0.3,-0.3,0.3512,0.0
turn_left,13.7178,0.3,-0.3,0.3512,0.0
turn_left,13.7391,0.3,-0.3,0.3535,0.0
turn_left,13.7598,0.3,-0.3,0.3535,-0.3496
turn_left,13.7803,0.3,-0.3,0.3535,-0.3496
turn_left,13.8016,0.3,-0.3,0.6418,-0.3496
turn_left,13.8223,0.3,-0.3,0.6418,-0.6993
turn_left,13.8427,0.3,-0.3,0.6418,-0.6993
turn_left,13.8641,0.3,-0.3,0.3496,-0.6993
turn_left,13.8847,0.3,-0.3,0.3496,0.0
turn_left,13.9052,0.3,-0.3,0.3496,0.0
turn_left,13.9265,0.3,-0.3,0.6996,0.0
turn_left,13.9473,0.3,-0.3,0.6996,-0.6992
turn_left,13.9677,0.3,-0.3,0.6996,-0.6992
turn_left,13.9891,0.3,-0.3,0.3494,-0.6992
turn_left,14.0098,0.3,-0.3,0.3494,-0.3506
turn_left,14.0303,0.3,-0.3,0.3494,-0.3506
turn_left,14.0516,0.3,-0.3,0.0,-0.3506
turn_left,14.0722,0.3,-0.3,0.0,-0.3496
turn_left,14.0927,0.3,-0.3,0.0,-0.3496
turn_left,14.114,0.3,-0.3,0.701,-0.3496
turn_left,14.1347,0.3,-0.3,0.701,-0.3497
turn_left,14.1552,0.3,-0.3,0.701,-0.3497
turn_left,14.1766,0.3,-0.3,0.0,-0.3497
turn_left,14.1972,0.3,-0.3,0.0,-0.6992
turn_left,14.2177,0.3,-0.3,0.0,-0.6992
turn_left,14.2391,0.3,-0.3,0.3527,-0.6992
turn_left,14.2598,0.3,-0.3,0.3527,0.0
turn_left,14.2803,0.3,-0.3,0.3527,0.0
turn_left,14.3017,0.3,-0.3,0.7003,0.0
turn_left,14.3224,0.3,-0.3,0.7003,-0.3491
turn_left,14.3429,0.3,-0.3,0.7003,-0.3491
turn_left,14.3643,0.3,-0.3,0.0,-0.3491
turn_left,14.385,0.3,-0.3,0.0,-0.3844
turn_left,14.4055,0.3,-0.3,0.0,-0.3844
turn_left,14.4267,0.3,-0.3,0.0,-0.3844
turn_left,14.4475,0.3,-0.3,0.0,0.0
turn_left,14.468,0.3,-0.3,0.0,0.0
turn_left,14.4893,0.3,-0.3,0.0,0.0
turn_left,14.5099,0.3,-0.3,0.0,-0.3209
stop,15.0315,0.0,0.0,0.0,-0.3209
stop,15.0531,0.0,0.0,0.0,-0.3209
stop,15.0738,0.0,0.0,0.0,0.0
stop,15.0943,0.0,0.0,0.0,0.0
stop,15.1157,0.0,0.0,0.0,0.0
stop,15.1364,0.0,0.0,0.0,0.0
stop,15.1569,0.0,0.0,0.0,0.0
stop,15.1783,0.0,0.0,0.0,0.0
stop,15.1989,0.0,0.0,0.0,0.0
stop,15.2195,0.0,0.0,0.0,0.0
stop,15.2409,0.0,0.0,0.0,0.0
stop,15.2617,0.0,0.0,0.0,0.0
stop,15.2821,0.0,0.0,0.0,0.0
stop,15.3036,0.0,0.0,0.0,0.0
stop,15.3243,0.0,0.0,0.0,0.0
stop,15.3448,0.0,0.0,0.0,0.0
stop,15.3662,0.0,0.0,0.0,0.0
stop,15.3869,0.0,0.0,0.0,0.0
stop,15.4074,0.0,0.0,0.0,0.0
stop,15.4288,0.0,0.0,0.0,0.0
stop,15.4494,0.0,0.0,0.0,0.0
stop,15.4699,0.0,0.0,0.0,0.0
stop,15.4913,0.0,0.0,0.0,0.0
stop,15.512,0.0,0.0,0.0,0.0
stop,15.5326,0.0,0.0,0.0,0.0
stop,15.5541,0.0,0.0,0.0,0.0
stop,15.5749,0.0,0.0,0.0,0.0
stop,15.5954,0.0,0.0,0.0,0.0
stop,15.6168,0.0,0.0,0.0,0.0
stop,15.6375,0.0,0.0,0.0,0.0
stop,15.658,0.0,0.0,0.0,0.0
stop,15.6794,0.0,0.0,0.0,0.0
stop,15.7001,0.0,0.0,0.0,0.0
stop,15.7206,0.0,0.0,0.0,0.0
stop,15.7419,0.0,0.0,0.0,0.0
stop,15.7625,0.0,0.0,0.0,0.0
stop,15.783,0.0,0.0,0.0,0.0
stop,15.8043,0.0,0.0,0.0,0.0
stop,15.8249,0.0,0.0,0.0,0.0
stop,15.8455,0.0,0.0,0.0,0.0
stop,15.8669,0.0,0.0,0.0,0.0
stop,15.8876,0.0,0.0,0.0,0.0
stop,15.9081,0.0,0.0,0.0,0.0
stop,15.9294,0.0,0.0,0.0,0.0
stop,15.95,0.0,0.0,0.0,0.0
stop,15.9705,0.0,0.0,0.0,0.0
stop,15.9919,0.0,0.0,0.0,0.0
stop,16.0126,0.0,0.0,0.0,0.0
turn_right,16.5341,-0.3,0.3,0.0,0.0
turn_right,16.5557,-0.3,0.3,0.0,0.0
turn_right,16.5764,-0.3,0.3,0.0,0.0
turn_right,16.5969,-0.3,0.3,0.0,0.0
turn_right,16.6183,-0.3,0.3,0.0,0.0
turn_right,16.639,-0.3,0.3,0.0,0.0
turn_right,16.6596,-0.3,0.3,0.0,0.0
turn_right,16.6809,-0.3,0.3,0.0,0.0
turn_right,16.7016,-0.3,0.3,0.0,0.0
turn_right,16.7221,-0.3,0.3,0.0,0.0
turn_right,16.7435,-0.3,0.3,0.0,0.0
turn_right,16.7641,-0.3,0.3,0.0,0.3504
turn_right,16.7846,-0.3,0.3,0.0,0.3504
turn_right,16.8058,-0.3,0.3,0.0,0.3504
turn_right,16.8265,-0.3,0.3,0.0,0.321
turn_right,16.847,-0.3,0.3,0.0,0.321
turn_right,16.8683,-0.3,0.3,0.0,0.321
turn_right,16.889,-0.3,0.3,0.0,0.0
turn_right,16.9095,-0.3,0.3,0.0,0.0
turn_right,16.9308,-0.3,0.3,-0.6993,0.0
turn_right,16.9516,-0.3,0.3,-0.6993,0.6992
turn_right,16.972,-0.3,0.3,-0.6993,0.6992
turn_right,16.9933,-0.3,0.3,-0.3501,0.6992
turn_right,17.014,-0.3,0.3,-0.3501,0.0
turn_right,17.0345,-0.3,0.3,-0.3501,0.0
turn_right,17.0558,-0.3,0.3,0.0,0.0
turn_right,17.0765,-0.3,0.3,0.0,0.3498
turn_right,17.097,-0.3,0.3,0.0,0.3498
turn_right,17.1183,-0.3,0.3,0.0,0.3498
turn_right,17.1389,-0.3,0.3,0.0,0.3508
turn_right,17.1594,-0.3,0.3,0.0,0.3508
turn_right,17.1807,-0.3,0.3,-0.3508,0.3508
turn_right,17.2014,-0.3,0.3,-0.3508,0.3504
turn_right,17.2219,-0.3,0.3,-0.3508,0.3504
turn_right,17.2432,-0.3,0.3,-0.3491,0.3504
turn_right,17.2639,-0.3,0.3,-0.3491,0.7006
turn_right,17.2844,-0.3,0.3,-0.3491,0.7006
turn_right,17.3058,-0.3,0.3,0.0,0.7006
turn_right,17.3265,-0.3,0.3,0.0,0.3503
turn_right,17.347,-0.3,0.3,0.0,0.3503
turn_right,17.3683,-0.3,0.3,-0.701,0.3503
turn_right,17.389,-0.3,0.3,-0.701,0.0
turn_right,17.4095,-0.3,0.3,-0.701,0.0
turn_right,17.4308,-0.3,0.3,-0.3198,0.0
turn_right,17.4515,-0.3,0.3,-0.3198,0.3482
turn_right,17.472,-0.3,0.3,-0.3198,0.3482
turn_right,17.4935,-0.3,0.3,0.0,0.3482
turn_right,17.5142,-0.3,0.3,0.0,0.7009
turn_right,17.5347,-0.3,0.3,0.0,0.7009
turn_right,17.5563,-0.3,0.3,0.0,0.7009
turn_right,17.577,-0.3,0.3,0.0,0.3505
turn_right,17.5976,-0.3,0.3,0.0,0.3505
turn_right,17.6192,-0.3,0.3,-0.3496,0.3505
turn_right,17.64,-0.3,0.3,-0.3496,0.3502
turn_right,17.6605,-0.3,0.3,-0.3496,0.3502
turn_right,17.6818,-0.3,0.3,-0.5929,0.3502
turn_right,17.7026,-0.3,0.3,-0.5929,0.3213
turn_right,17.7231,-0.3,0.3,-0.5929,0.3213
turn_right,17.7445,-0.3,0.3,-0.699,0.3213
turn_right,17.7651,-0.3,0.3,-0.699,0.3505
turn_right,17.7856,-0.3,0.3,-0.699,0.3505
turn_right,17.8069,-0.3,0.3,0.0,0.3505
turn_right,17.8276,-0.3,0.3,0.0,0.3209
turn_right,17.8481,-0.3,0.3,0.0,0.3209
turn_right,17.8694,-0.3,0.3,-0.3496,0.3209
turn_right,17.8901,-0.3,0.3,-0.3496,0.3209
turn_right,17.9106,-0.3,0.3,-0.3496,0.3209
turn_right,17.9319,-0.3,0.3,0.0,0.3209
turn_right,17.9526,-0.3,0.3,0.0,0.3501
turn_right,17.973,-0.3,0.3,0.0,0.3501
turn_right,17.9943,-0.3,0.3,-0.701,0.3501
turn_right,18.015,-0.3,0.3,-0.701,0.0
turn_right,18.0355,-0.3,0.3,-0.701,0.0
turn_right,18.0568,-0.3,0.3,-0.3504,0.0
turn_right,18.0775,-0.3,0.3,-0.3504,0.2949
turn_right,18.0981,-0.3,0.3,-0.3504,0.2949
turn_right,18.1196,-0.3,0.3,0.0,0.2949
turn_right,18.1403,-0.3,0.3,0.0,0.0
turn_right,18.1608,-0.3,0.3,0.0,0.0
turn_right,18.1821,-0.3,0.3,0.0,0.0
turn_right,18.2028,-0.3,0.3,0.0,0.0
turn_right,18.2233,-0.3,0.3,0.0,0.0
turn_right,18.2447,-0.3,0.3,0.0,0.0
turn_right,18.2656,-0.3,0.3,0.0,0.3496
turn_right,18.2862,-0.3,0.3,0.0,0.3496
turn_right,18.3077,-0.3,0.3,-0.35,0.3496
turn_right,18.3285,-0.3,0.3,-0.35,0.0
turn_right,18.349,-0.3,0.3,-0.35,0.0
turn_right,18.3705,-0.3,0.3,0.0,0.0
turn_right,18.3912,-0.3,0.3,0.0,0.3496
turn_right,18.4117,-0.3,0.3,0.0,0.3496
turn_right,18.433,-0.3,0.3,-0.3503,0.3496
turn_right,18.4537,-0.3,0.3,-0.3503,0.3463
turn_right,18.4742,-0.3,0.3,-0.3503,0.3463
turn_right,18.4956,-0.3,0.3,-0.3364,0.3463
turn_right,18.5162,-0.3,0.3,-0.3364,0.0
turn_right,18.5368,-0.3,0.3,-0.3364,0.0
turn_right,18.5583,-0.3,0.3,-0.3209,0.0
turn_right,18.579,-0.3,0.3,-0.3209,0.0
turn_right,18.5995,-0.3,0.3,-0.3209,0.0
turn_right,18.6208,-0.3,0.3,0.0,0.0
turn_right,18.6415,-0.3,0.3,0.0,0.3499
turn_right,18.662,-0.3,0.3,0.0,0.3499
turn_right,18.6834,-0.3,0.3,-0.6993,0.3499
turn_right,18.7041,-0.3,0.3,-0.6993,0.3209
turn_right,18.7246,-0.3,0.3,-0.6993,0.3209
turn_right,18.7459,-0.3,0.3,-0.3494,0.3209
turn_right,18.7666,-0.3,0.3,-0.3494,0.7013
turn_right,18.787,-0.3,0.3,-0.3494,0.7013
turn_right,18.8083,-0.3,0.3,-0.35,0.7013
turn_right,18.829,-0.3,0.3,-0.35,0.0
turn_right,18.8495,-0.3,0.3,-0.35,0.0
turn_right,18.8707,-0.3,0.3,0.0,0.0
turn_right,18.8915,-0.3,0.3,0.0,1.0507
turn_right,18.9119,-0.3,0.3,0.0,1.0507
turn_right,18.9332,-0.3,0.3,-0.3205,1.0507
turn_right,18.9539,-0.3,0.3,-0.3205,0.3496
turn_right,18.9744,-0.3,0.3,-0.3205,0.3496
turn_right,18.9957,-0.3,0.3,-0.7003,0.3496
turn_right,19.0164,-0.3,0.3,-0.7003,0.3504
turn_right,19.0368,-0.3,0.3,-0.7003,0.3504
turn_right,19.0581,-0.3,0.3,0.0,0.3504
turn_right,19.0787,-0.3,0.3,0.0,0.6418
turn_right,19.0994,-0.3,0.3,0.0,0.6418
turn_right,19.1209,-0.3,0.3,0.0,0.6418
turn_right,19.1416,-0.3,0.3,0.0,0.0
turn_right,19.1621,-0.3,0.3,0.0,0.0
turn_right,19.1835,-0.3,0.3,-0.3496,0.0
turn_right,19.2042,-0.3,0.3,-0.3496,0.6419
turn_right,19.2247,-0.3,0.3,-0.3496,0.6419
turn_right,19.2461,-0.3,0.3,-0.6417,0.6419
turn_right,19.2668,-0.3,0.3,-0.6417,0.3505
turn_right,19.2873,-0.3,0.3,-0.6417,0.3505
turn_right,19.3088,-0.3,0.3,-0.321,0.3505
turn_right,19.3295,-0.3,0.3,-0.321,0.3209
turn_right,19.35,-0.3,0.3,-0.321,0.3209
turn_right,19.3714,-0.3,0.3,-0.3496,0.3209
turn_right,19.3921,-0.3,0.3,-0.3496,0.0
turn_right,19.4126,-0.3,0.3,-0.3496,0.0
turn_right,19.4339,-0.3,0.3,0.0,0.0
turn_right,19.4545,-0.3,0.3,0.0,0.3462
turn_right,19.475,-0.3,0.3,0.0,0.3462
turn_right,19.4963,-0.3,0.3,-0.3209,0.3462
turn_right,19.517,-0.3,0.3,-0.3209,0.3209
stop,20.0385,0.0,0.0,-0.3209,0.3209
stop,20.0601,0.0,0.0,0.0,0.3209
stop,20.0808,0.0,0.0,0.0,0.0
stop,20.1013,0.0,0.0,0.0,0.0
stop,20.1227,0.0,0.0,0.0,0.0
stop,20.1434,0.0,0.0,0.0,0.0
stop,20.1639,0.0,0.0,0.0,0.0
stop,20.1852,0.0,0.0,0.0,0.0
stop,20.2058,0.0,0.0,0.0,0.0
stop,20.2263,0.0,0.0,0.0,0.0
stop,20.2477,0.0,0.0,0.0,0.0
stop,20.2683,0.0,0.0,0.0,0.0
stop,20.2888,0.0,0.0,0.0,0.0
stop,20.3101,0.0,0.0,0.0,0.0
stop,20.3308,0.0,0.0,0.0,0.0
stop,20.3514,0.0,0.0,0.0,0.0
stop,20.3727,0.0,0.0,0.0,0.0
stop,20.3934,0.0,0.0,0.0,0.0
stop,20.4139,0.0,0.0,0.0,0.0
stop,20.4352,0.0,0.0,0.0,0.0
stop,20.4559,0.0,0.0,0.0,0.0
stop,20.4764,0.0,0.0,0.0,0.0
stop,20.4976,0.0,0.0,0.0,0.0
stop,20.5183,0.0,0.0,0.0,0.0
stop,20.5388,0.0,0.0,0.0,0.0
stop,20.5603,0.0,0.0,0.0,0.0
stop,20.581,0.0,0.0,0.0,0.0
stop,20.6016,0.0,0.0,0.0,0.0
stop,20.6232,0.0,0.0,0.0,0.0
stop,20.6439,0.0,0.0,0.0,0.0
stop,20.6644,0.0,0.0,0.0,0.0
stop,20.6857,0.0,0.0,0.0,0.0
stop,20.7064,0.0,0.0,0.0,0.0
stop,20.7269,0.0,0.0,0.0,0.0
stop,20.7483,0.0,0.0,0.0,0.0
stop,20.769,0.0,0.0,0.0,0.0
stop,20.7895,0.0,0.0,0.0,0.0
stop,20.8108,0.0,0.0,0.0,0.0
stop,20.8315,0.0,0.0,0.0,0.0
stop,20.8519,0.0,0.0,0.0,0.0
stop,20.8732,0.0,0.0,0.0,0.0
stop,20.8939,0.0,0.0,0.0,0.0
stop,20.9144,0.0,0.0,0.0,0.0
stop,20.9358,0.0,0.0,0.0,0.0
stop,20.9565,0.0,0.0,0.0,0.0
stop,20.9771,0.0,0.0,0.0,0.0
stop,20.9984,0.0,0.0,0.0,0.0
stop,21.019,0.0,0.0,0.0,0.0
curve,21.5406,-0.3,-0.6,0.0,0.0
curve,21.5621,-0.3,-0.6,0.0,0.0
curve,21.5828,-0.3,-0.6,0.0,0.0
curve,21.6034,-0.3,-0.6,0.0,0.0
curve,21.6247,-0.3,-0.6,0.0,0.0
curve,21.6454,-0.3,-0.6,0.0,0.0
curve,21.666,-0.3,-0.6,0.0,0.0
curve,21.6875,-0.3,-0.6,0.0,0.0
curve,21.7082,-0.3,-0.6,0.0,-0.3208
curve,21.7287,-0.3,-0.6,0.0,-0.3208
curve,21.7501,-0.3,-0.6,0.0,-0.3208
curve,21.7707,-0.3,-0.6,0.0,-0.6993
curve,21.7912,-0.3,-0.6,0.0,-0.6993
curve,21.8125,-0.3,-0.6,0.0,-0.6993
curve,21.8332,-0.3,-0.6,0.0,-0.3496
curve,21.8537,-0.3,-0.6,0.0,-0.3496
curve,21.875,-0.3,-0.6,-0.3208,-0.3496
curve,21.8957,-0.3,-0.6,-0.3208,-0.9639
curve,21.9163,-0.3,-0.6,-0.3208,-0.9639
curve,21.9376,-0.3,-0.6,-0.3209,-0.9639
curve,21.9583,-0.3,-0.6,-0.3209,-0.3808
curve,21.9788,-0.3,-0.6,-0.3209,-0.3808
curve,22.0001,-0.3,-0.6,-0.2958,-0.3808
curve,22.0208,-0.3,-0.6,-0.2958,-0.3208
curve,22.0413,-0.3,-0.6,-0.2958,-0.3208
curve,22.0625,-0.3,-0.6,-0.3215,-0.3208
curve,22.0833,-0.3,-0.6,-0.3215,-0.3209
curve,22.1039,-0.3,-0.6,-0.3215,-0.3209
curve,22.1255,-0.3,-0.6,0.0,-0.3209
curve,22.1462,-0.3,-0.6,0.0,-0.7007
curve,22.1667,-0.3,-0.6,0.0,-0.7007
curve,22.1881,-0.3,-0.6,0.0,-0.7007
curve,22.2088,-0.3,-0.6,0.0,-0.3207
curve,22.2293,-0.3,-0.6,0.0,-0.3207
curve,22.2507,-0.3,-0.6,-0.3835,-0.3207
curve,22.2715,-0.3,-0.6,-0.3835,-0.6417
curve,22.292,-0.3,-0.6,-0.3835,-0.6417
curve,22.3134,-0.3,-0.6,-0.3497,-0.6417
curve,22.3342,-0.3,-0.6,-0.3497,-0.7009
curve,22.3547,-0.3,-0.6,-0.3497,-0.7009
curve,22.3761,-0.3,-0.6,-0.3844,-0.7009
curve,22.3967,-0.3,-0.6,-0.3844,-0.3209
curve,22.4172,-0.3,-0.6,-0.3844,-0.3209
curve,22.4386,-0.3,-0.6,-0.3505,-0.3209
curve,22.4592,-0.3,-0.6,-0.3505,-0.6982
curve,22.4797,-0.3,-0.6,-0.3505,-0.6982
curve,22.501,-0.3,-0.6,-0.3506,-0.6982
curve,22.5217,-0.3,-0.6,-0.3506,-0.7688
curve,22.5423,-0.3,-0.6,-0.3506,-0.7688
curve,22.5638,-0.3,-0.6,-0.3505,-0.7688
curve,22.5844,-0.3,-0.6,-0.3505,-0.3496
curve,22.605,-0.3,-0.6,-0.3505,-0.3496
curve,22.6264,-0.3,-0.6,0.0,-0.3496
curve,22.647,-0.3,-0.6,0.0,-0.701
curve,22.6675,-0.3,-0.6,0.0,-0.701
curve,22.6888,-0.3,-0.6,-0.3196,-0.701
curve,22.7095,-0.3,-0.6,-0.3196,-0.6993
curve,22.73,-0.3,-0.6,-0.3196,-0.6993
curve,22.7514,-0.3,-0.6,-0.3494,-0.6993
curve,22.772,-0.3,-0.6,-0.3494,-0.6991
curve,22.7925,-0.3,-0.6,-0.3494,-0.6991
curve,22.8138,-0.3,-0.6,0.0,-0.6991
curve,22.8345,-0.3,-0.6,0.0,-0.3496
curve,22.855,-0.3,-0.6,0.0,-0.3496
curve,22.8764,-0.3,-0.6,-0.3505,-0.3496
curve,22.897,-0.3,-0.6,-0.3505,-0.3209
curve,22.9175,-0.3,-0.6,-0.3505,-0.3209
curve,22.9388,-0.3,-0.6,-0.701,-0.3209
curve,22.9595,-0.3,-0.6,-0.701,-0.7008
curve,22.98,-0.3,-0.6,-0.701,-0.7008
curve,23.0013,-0.3,-0.6,-0.701,-0.7008
curve,23.0219,-0.3,-0.6,-0.701,-0.3656
curve,23.0424,-0.3,-0.6,-0.701,-0.3656
curve,23.0638,-0.3,-0.6,-0.3209,-0.3656
curve,23.0845,-0.3,-0.6,-0.3209,-0.351
curve,23.1049,-0.3,-0.6,-0.3209,-0.351
curve,23.1262,-0.3,-0.6,-0.3504,-0.351
curve,23.1468,-0.3,-0.6,-0.3504,-0.6419
curve,23.1673,-0.3,-0.6,-0.3504,-0.6419
curve,23.1886,-0.3,-0.6,-0.7003,-0.6419
curve,23.2093,-0.3,-0.6,-0.7003,-0.6418
curve,23.2297,-0.3,-0.6,-0.7003,-0.6418
curve,23.251,-0.3,-0.6,0.0,-0.6418
curve,23.2717,-0.3,-0.6,0.0,-0.5958
curve,23.2923,-0.3,-0.6,0.0,-0.5958
curve,23.3137,-0.3,-0.6,0.0,-0.5958
curve,23.3344,-0.3,-0.6,0.0,-0.349
curve,23.3549,-0.3,-0.6,0.0,-0.349
curve,23.3763,-0.3,-0.6,0.0,-0.349
curve,23.397,-0.3,-0.6,0.0,-0.6419
curve,23.4174,-0.3,-0.6,0.0,-0.6419
curve,23.4388,-0.3,-0.6,-0.3209,-0.6419
curve,23.4595,-0.3,-0.6,-0.3209,-0.7049
curve,23.48,-0.3,-0.6,-0.3209,-0.7049
curve,23.5013,-0.3,-0.6,-0.3209,-0.7049
curve,23.5219,-0.3,-0.6,-0.3209,-0.6418
curve,23.5424,-0.3,-0.6,-0.3209,-0.6418
curve,23.564,-0.3,-0.6,0.0,-0.6418
curve,23.5847,-0.3,-0.6,0.0,-0.6418
curve,23.6053,-0.3,-0.6,0.0,-0.6418
curve,23.6269,-0.3,-0.6,-0.6418,-0.6418
curve,23.6476,-0.3,-0.6,-0.6418,-0.3509
curve,23.6681,-0.3,-0.6,-0.6418,-0.3509
curve,23.6894,-0.3,-0.6,-0.35,-0.3509
curve,23.7102,-0.3,-0.6,-0.35,-0.9628
curve,23.7307,-0.3,-0.6,-0.35,-0.9628
curve,23.752,-0.3,-0.6,-0.3497,-0.9628
curve,23.7726,-0.3,-0.6,-0.3497,-1.0514
curve,23.7931,-0.3,-0.6,-0.3497,-1.0514
curve,23.8145,-0.3,-0.6,0.0,-1.0514
curve,23.8351,-0.3,-0.6,0.0,-0.3496
curve,23.8557,-0.3,-0.6,0.0,-0.3496
curve,23.877,-0.3,-0.6,-0.3496,-0.3496
curve,23.8976,-0.3,-0.6,-0.3496,-0.9627
curve,23.9181,-0.3,-0.6,-0.3496,-0.9627
curve,23.9394,-0.3,-0.6,-0.3497,-0.9627
curve,23.9601,-0.3,-0.6,-0.3497,-0.5909
curve,23.9806,-0.3,-0.6,-0.3497,-0.5909
curve,24.0018,-0.3,-0.6,0.0,-0.5909
curve,24.0225,-0.3,-0.6,0.0,-0.3504
curve,24.043,-0.3,-0.6,0.0,-0.3504
curve,24.0643,-0.3,-0.6,-0.3495,-0.3504
curve,24.085,-0.3,-0.6,-0.3495,-0.762
curve,24.1054,-0.3,-0.6,-0.3495,-0.762
curve,24.1268,-0.3,-0.6,-0.3463,-0.762
curve,24.1475,-0.3,-0.6,-0.3463,-0.3209
curve,24.168,-0.3,-0.6,-0.3463,-0.3209
curve,24.1893,-0.3,-0.6,0.0,-0.3209
curve,24.21,-0.3,-0.6,0.0,-0.6982
curve,24.2305,-0.3,-0.6,0.0,-0.6982
curve,24.2523,-0.3,-0.6,-0.701,-0.6982
curve,24.2731,-0.3,-0.6,-0.701,-0.6992
curve,24.2936,-0.3,-0.6,-0.701,-0.6992
curve,24.315,-0.3,-0.6,-0.6991,-0.6992
curve,24.3358,-0.3,-0.6,-0.6991,-0.7021
curve,24.3564,-0.3,-0.6,-0.6991,-0.7021
curve,24.3778,-0.3,-0.6,-0.321,-0.7021
curve,24.3985,-0.3,-0.6,-0.321,-0.6981
curve,24.419,-0.3,-0.6,-0.321,-0.6981
curve,24.4403,-0.3,-0.6,0.0,-0.6981
curve,24.461,-0.3,-0.6,0.0,-0.3239
curve,24.4815,-0.3,-0.6,0.0,-0.3239
curve,24.5027,-0.3,-0.6,-0.3209,-0.3239
curve,24.5234,-0.3,-0.6,-0.3209,-0.7009
stop,25.0449,0.0,0.0,-0.3209,-0.7009
stop,25.0663,0.0,0.0,0.0,-0.7009
stop,25.087,0.0,0.0,0.0,0.0
stop,25.1077,0.0,0.0,0.0,0.0
stop,25.1292,0.0,0.0,0.0,0.0
stop,25.1499,0.0,0.0,0.0,0.0
stop,25.1704,0.0,0.0,0.0,0.0
stop,25.1919,0.0,0.0,0.0,0.0
stop,25.2126,0.0,0.0,0.0,0.0
stop,25.2331,0.0,0.0,0.0,0.0
stop,25.2544,0.0,0.0,0.0,0.0
stop,25.2751,0.0,0.0,0.0,0.0
stop,25.2956,0.0,0.0,0.0,0.0
stop,25.317,0.0,0.0,0.0,0.0
stop,25.3376,0.0,0.0,0.0,0.0
stop,25.3581,0.0,0.0,0.0,0.0
stop,25.3795,0.0,0.0,0.0,0.0
stop,25.4001,0.0,0.0,0.0,0.0
stop,25.4206,0.0,0.0,0.0,0.0
stop,25.4419,0.0,0.0,0.0,0.0
stop,25.4625,0.0,0.0,0.0,0.0
stop,25.483,0.0,0.0,0.0,0.0
stop,25.5043,0.0,0.0,0.0,0.0
stop,25.525,0.0,0.0,0.0,0.0
stop,25.5456,0.0,0.0,0.0,0.0
stop,25.5671,0.0,0.0,0.0,0.0
stop,25.5879,0.0,0.0,0.0,0.0
stop,25.6084,0.0,0.0,0.0,0.0
stop,25.6297,0.0,0.0,0.0,0.0
stop,25.6504,0.0,0.0,0.0,0.0
stop,25.671,0.0,0.0,0.0,0.0
stop,25.6923,0.0,0.0,0.0,0.0
stop,25.713,0.0,0.0,0.0,0.0
stop,25.7335,0.0,0.0,0.0,0.0
stop,25.7548,0.0,0.0,0.0,0.0
stop,25.7755,0.0,0.0,0.0,0.0
stop,25.7959,0.0,0.0,0.0,0.0
stop,25.8172,0.0,0.0,0.0,0.0
stop,25.8379,0.0,0.0,0.0,0.0
stop,25.8584,0.0,0.0,0.0,0.0
stop,25.8798,0.0,0.0,0.0,0.0
stop,25.9005,0.0,0.0,0.0,0.0
stop,25.921,0.0,0.0,0.0,0.0
stop,25.9423,0.0,0.0,0.0,0.0
stop,25.9629,0.0,0.0,0.0,0.0
stop,25.9834,0.0,0.0,0.0,0.0
stop,26.0047,0.0,0.0,0.0,0.0
stop,26.0254,0.0,0.0,0.0,0.0
